file_path,technique,class,f0,spectral_centroid,spectral_rolloff,hnr
/content/FULL/male6/scales/breathy/m6_scales_breathy_u.wav,breathy,low_energy,202.75819473496426,3011.602186541877,5648.543513141809,-11.139116516180065
/content/FULL/male6/scales/breathy/m6_scales_breathy_a.wav,breathy,low_energy,194.506370592605,2848.4080034108747,5536.047398595709,-12.527803469913744
/content/FULL/male6/scales/breathy/m6_scales_breathy_i.wav,breathy,low_energy,204.8394894538604,2792.1787723308867,5591.741233648256,-0.7839356730654254
/content/FULL/male6/scales/breathy/m6_scales_breathy_e.wav,breathy,low_energy,193.1647204423154,2917.5464167368727,5436.909707166749,-12.010061314456744
/content/FULL/male6/scales/breathy/m6_scales_breathy_o.wav,breathy,low_energy,201.91176576789272,2308.836460783989,3768.926514544845,5.485898221626328
/content/FULL/male6/scales/belt/m6_scales_belt_e.wav,belt,high_energy,208.8808485701385,2646.64576905842,4633.473351883562,2.586520200697579
/content/FULL/male6/scales/belt/m6_scales_belt_a.wav,belt,high_energy,199.84914490856087,2374.136588059341,4686.756764809917,2.8770393314005815
/content/FULL/male6/scales/belt/m6_scales_belt_u.wav,belt,high_energy,211.24785822919708,2184.928423958739,4416.650761471519,9.039968719017205
/content/FULL/male6/scales/belt/m6_scales_belt_o.wav,belt,high_energy,210.52717908709494,1869.102314449427,3830.183488725065,15.121519450986712
/content/FULL/male6/scales/belt/m6_scales_belt_i.wav,belt,high_energy,211.00465776314158,3079.7332838775756,4610.737935974605,7.827939163469624
/content/FULL/male6/arpeggios/breathy/m6_arpeggios_breathy_u.wav,breathy,low_energy,171.78154510809125,2231.5587018631063,2324.1058281942906,7.563846710041557
/content/FULL/male6/arpeggios/breathy/m6_arpeggios_breathy_a.wav,breathy,low_energy,177.2058731845568,2484.4031919890413,4660.330051329078,0.7896612092587179
/content/FULL/male6/arpeggios/breathy/m6_arpeggios_breathy_e.wav,breathy,low_energy,170.7446791261132,3241.271975781743,6578.20102948762,-11.39793086505266
/content/FULL/male6/arpeggios/breathy/m6_arpeggios_breathy_o.wav,breathy,low_energy,171.6998939201741,2119.2863229510804,2630.5359239523123,7.937145261523461
/content/FULL/male6/arpeggios/breathy/m6_arpeggios_breathy_i.wav,breathy,low_energy,174.3682620758381,2927.943222605127,6148.597988856434,-6.026757978481138
/content/FULL/male6/arpeggios/belt/m6_arpeggios_belt_i.wav,belt,high_energy,176.7296098412051,3435.2701051355525,5029.431874178712,2.7733097416527968
/content/FULL/male6/arpeggios/belt/m6_arpeggios_belt_o.wav,belt,high_energy,178.08087629825604,2041.6600033015743,4108.66146833537,9.42302597647342
/content/FULL/male6/arpeggios/belt/m6_arpeggios_belt_u.wav,belt,high_energy,183.77780633989215,2480.0015693121904,4741.600520996706,7.718632400753732
/content/FULL/male6/arpeggios/belt/m6_arpeggios_belt_a.wav,belt,high_energy,172.29295391444302,2356.614621232257,4804.220617529881,-2.5953536745506858
/content/FULL/male6/arpeggios/belt/m6_arpeggios_belt_e.wav,belt,high_energy,177.02636728896292,2710.4424066336414,4864.293273229563,-0.5908791225521414
/content/FULL/female6/scales/breathy/f6_scales_breathy_e.wav,breathy,low_energy,335.0265797209237,3484.7343369708647,6478.355402542373,-17.517447903735768
/content/FULL/female6/scales/breathy/f6_scales_breathy_i.wav,breathy,low_energy,336.51704310251966,3465.9971681597176,8617.257764862805,3.78988338311532
/content/FULL/female6/scales/breathy/f6_scales_breathy_u.wav,breathy,low_energy,336.49867051114256,2430.4576022098686,3249.6944874730602,-32.7151339459152
/content/FULL/female6/scales/breathy/f6_scales_breathy_o.wav,breathy,low_energy,338.17473556864195,2623.811847589642,4228.663751382744,-9.65178232547298
/content/FULL/female6/scales/breathy/f6_scales_breathy_a.wav,breathy,low_energy,319.596857151013,3362.8103291341477,5713.161442454269,-37.90120264235087
/content/FULL/female6/scales/belt/f6_scales_belt_a.wav,belt,high_energy,320.27752276016463,3651.4877265366367,6335.304744452187,-5.240697022581931
/content/FULL/female6/scales/belt/f6_scales_belt_i.wav,belt,high_energy,323.7100520112759,3819.562584972048,8394.738813920454,1.1986462603397252
/content/FULL/female6/scales/belt/f6_scales_belt_e.wav,belt,high_energy,335.22141699401874,3150.663783006932,5350.220192479724,3.347333497957638
/content/FULL/female6/scales/belt/f6_scales_belt_u.wav,belt,high_energy,334.7332719099897,2863.3936028650965,5544.701389682358,7.636412637288756
/content/FULL/female6/scales/belt/f6_scales_belt_o.wav,belt,high_energy,328.9150913281363,2825.215092538447,5098.8232421875,2.295876952266085
/content/FULL/female6/arpeggios/breathy/f6_arpeggios_breathy_a.wav,breathy,low_energy,305.06136595040533,3351.4445699025528,6371.1663818359375,-17.12788083219293
/content/FULL/female6/arpeggios/breathy/f6_arpeggios_breathy_o.wav,breathy,low_energy,304.38491945257505,2641.655422321744,4425.087732902927,-9.101022924602328
/content/FULL/female6/arpeggios/breathy/f6_arpeggios_breathy_u.wav,breathy,low_energy,311.6699760506102,2128.046251369444,3101.67333984375,-3.7637347843681606
/content/FULL/female6/arpeggios/breathy/f6_arpeggios_breathy_i.wav,breathy,low_energy,322.2165826924694,3568.120348762484,8695.515810210129,4.9611356261483985
/content/FULL/female6/arpeggios/breathy/f6_arpeggios_breathy_e.wav,breathy,low_energy,302.8727796394708,3872.723442886571,8184.472990231703,-10.882768521457713
/content/FULL/female6/arpeggios/belt/f6_arpeggios_belt_2_e.wav,belt,high_energy,312.50482860782057,3543.308579435292,5834.122004533679,2.500029516479747
/content/FULL/female6/arpeggios/belt/f6_arpeggios_belt_2_a.wav,belt,high_energy,295.53687734838354,3806.890362954937,6809.7186931128645,-12.532834422049895
/content/FULL/female6/arpeggios/belt/f6_arpeggios_belt_1_u.wav,belt,high_energy,315.5945534752104,3039.0229218997783,7500.37640625,8.65887397339274
/content/FULL/female6/arpeggios/belt/f6_arpeggios_belt_1_a.wav,belt,high_energy,302.06224138396175,3353.7781408597634,6258.973281129251,-11.730424422409714
/content/FULL/female6/arpeggios/belt/f6_arpeggios_belt_1_e.wav,belt,high_energy,310.33308284932264,3508.14281887944,6149.287140426271,-5.155864788631714
/content/FULL/female6/arpeggios/belt/f6_arpeggios_belt_1_i.wav,belt,high_energy,303.69707069260727,4406.663855504929,8545.638545866936,-3.846647359374798
/content/FULL/female6/arpeggios/belt/f6_arpeggios_belt_2_o.wav,belt,high_energy,295.89826419559296,3405.816920488197,6333.324347882231,-12.35882952389155
/content/FULL/female6/arpeggios/belt/f6_arpeggios_belt_1_o.wav,belt,high_energy,312.59262882186,2742.4668526507476,5311.1401604217235,3.8730940484940724
/content/FULL/female6/arpeggios/belt/f6_arpeggios_belt_2_i.wav,belt,high_energy,308.0718490132779,4731.137817064377,9344.239052220395,-2.5412080194891025
/content/FULL/female6/arpeggios/belt/f6_arpeggios_belt_2_u.wav,belt,high_energy,316.58177943173234,3905.4932754255906,9096.147017045454,-4.790161925010076
/content/FULL/female7/scales/breathy/f7_scales_breathy_o.wav,breathy,low_energy,331.09440331406586,2448.197476845912,3317.9533515068665,-76.85137757199607
/content/FULL/female7/scales/breathy/f7_scales_breathy_u.wav,breathy,low_energy,333.9783405945778,2516.2036640195315,3620.106314840587,-80.13049219571441
/content/FULL/female7/scales/breathy/f7_scales_breathy_e.wav,breathy,low_energy,335.700023198623,3303.9285144395694,5723.2177734375,-25.442491365433526
/content/FULL/female7/scales/breathy/f7_scales_breathy_a.wav,breathy,low_energy,326.63597527744514,2747.4186581461913,4251.784546450792,-14.49560341948705
/content/FULL/female7/scales/breathy/f7_scales_breathy_i.wav,breathy,low_energy,340.304787464866,3300.7237066748944,6022.726704755168,-15.323657468475185
/content/FULL/female7/scales/belt/f7_scales_belt_u.wav,belt,high_energy,335.89252797443237,2714.337329584285,4982.462554657413,-47.94100065670683
/content/FULL/female7/scales/belt/f7_scales_belt_a.wav,belt,high_energy,344.5036521035187,2865.741315942623,5123.01162347561,4.936643224003056
/content/FULL/female7/scales/belt/f7_scales_belt_o.wav,belt,high_energy,333.3442094073107,2885.75062321276,5204.996021871034,-1.6213430047098965
/content/FULL/female7/scales/belt/f7_scales_belt_i.wav,belt,high_energy,331.2364994269051,3763.7564813777035,6713.987564529477,3.9699475255462935
/content/FULL/female7/scales/belt/f7_scales_belt_e.wav,belt,high_energy,328.0135651416859,3179.654798301379,5378.288301662707,0.8704930976967568
/content/FULL/female7/arpeggios/breathy/f7_arpeggios_breathy_a.wav,breathy,low_energy,308.2432396010059,2479.1308101569884,3750.4899649784484,-22.10064238284042
/content/FULL/female7/arpeggios/breathy/f7_arpeggios_breathy_o.wav,breathy,low_energy,315.48071496479326,2193.9051052019518,2911.9488937654446,-39.10410247653468
/content/FULL/female7/arpeggios/breathy/f7_arpeggios_breathy_u.wav,breathy,low_energy,306.61635887186384,2567.921815253734,3828.590325301493,-7.6760982270573415
/content/FULL/female7/arpeggios/breathy/f7_arpeggios_breathy_e.wav,breathy,low_energy,309.9162223433756,3400.8189895982623,6820.52210542812,-7.237179777510109
/content/FULL/female7/arpeggios/breathy/f7_arpeggios_breathy_i.wav,breathy,low_energy,321.2177691430643,3268.483012502007,6835.431827910959,-5.590776054402176
/content/FULL/female7/arpeggios/belt/f7_arpeggios_belt_a.wav,belt,high_energy,310.4065197489562,2731.9719069284806,5205.202482831133,0.7271420948707058
/content/FULL/female7/arpeggios/belt/f7_arpeggios_belt_e.wav,belt,high_energy,309.4767474848922,3165.9580617260826,5301.382652635676,3.3700136510186156
/content/FULL/female7/arpeggios/belt/f7_arpeggios_belt_u.wav,belt,high_energy,317.24161350629674,2505.0440583358213,4717.3626077586205,-46.78497567160774
/content/FULL/female7/arpeggios/belt/f7_arpeggios_belt_i.wav,belt,high_energy,317.0704789307673,3782.827871580936,6924.201552129425,9.830310835015316
/content/FULL/female7/arpeggios/belt/f7_arpeggios_belt_o.wav,belt,high_energy,313.4378541764202,2375.139936911689,4614.1917129390495,8.866218329584989
/content/FULL/male4/scales/breathy/m4_scales_breathy_a.wav,breathy,low_energy,185.6762224569661,3562.7976512175633,6843.91870001481,2.297202863516596
/content/FULL/male4/scales/breathy/m4_scales_breathy_o.wav,breathy,low_energy,186.49169546498123,3434.942259784086,6227.243640075377,-0.622602631810812
/content/FULL/male4/scales/breathy/m4_scales_breathy_e.wav,breathy,low_energy,184.63495230080437,4287.11442240959,8121.852740119485,-6.4652650108196585
/content/FULL/male4/scales/breathy/m4_scales_breathy_u.wav,breathy,low_energy,188.16330576213528,4003.3159084415843,8455.231040396342,0.8787324675960764
/content/FULL/male4/scales/breathy/m4_scales_breathy_i.wav,breathy,low_energy,194.15839812974838,4526.856476771568,9136.283874511719,-8.687636890288728
/content/FULL/male4/scales/belt/m4_scales_belt_i.wav,belt,high_energy,192.13898568779226,3530.0883832411637,4694.1650390625,-1.777585345829152
/content/FULL/male4/scales/belt/m4_scales_belt_u.wav,belt,high_energy,223.146136911906,2562.66535260614,3910.249304646597,9.439971730537241
/content/FULL/male4/scales/belt/m4_scales_belt_e.wav,belt,high_energy,195.81355555348406,3284.052344201007,4430.523475660524,-0.5335431307988571
/content/FULL/male4/scales/belt/m4_scales_belt_o.wav,belt,high_energy,187.76937161088435,3156.5148441495407,5168.220810906146,-2.990946395084106
/content/FULL/male4/scales/belt/m4_scales_belt_a.wav,belt,high_energy,187.58605596683293,3287.155318460775,5135.561992316846,-0.29471798192877496
/content/FULL/male4/arpeggios/breathy/m4_arpeggios_breathy_u.wav,breathy,low_energy,172.91963129030754,3061.1414970577844,4140.301231971154,9.610012770838377
/content/FULL/male4/arpeggios/breathy/m4_arpeggios_breathy_o.wav,breathy,low_energy,169.50852275220518,3233.720039379882,5748.6377612964525,3.982324191376875
/content/FULL/male4/arpeggios/breathy/m4_arpeggios_breathy_e.wav,breathy,low_energy,177.00403315526032,3452.3613977648265,6647.684567251175,2.6229577082885736
/content/FULL/male4/arpeggios/breathy/m4_arpeggios_breathy_a.wav,breathy,low_energy,176.09708212990358,3416.056264354766,6317.641660391566,2.157043160462853
/content/FULL/male4/arpeggios/breathy/m4_arpeggios_breathy_i.wav,breathy,low_energy,173.16286129617677,4007.9267709764777,7492.830012394832,-3.2258399193164577
/content/FULL/male4/arpeggios/belt/m4_arpeggios_belt_o.wav,belt,high_energy,176.59257176633247,3245.9995036878818,5531.892854621611,-3.4384070612043423
/content/FULL/male4/arpeggios/belt/m4_arpeggios_belt_a.wav,belt,high_energy,187.12355617837656,3333.4635980351545,5426.207445637055,-13.63354077483762
/content/FULL/male4/arpeggios/belt/m4_arpeggios_belt_e.wav,belt,high_energy,175.8474855172743,3256.1018260739925,4538.9725534539475,-5.998010387499121
/content/FULL/male4/arpeggios/belt/m4_arpeggios_belt_i.wav,belt,high_energy,180.61341796211178,3396.5077682825427,4506.605779474432,-5.472182701207928
/content/FULL/male4/arpeggios/belt/m4_arpeggios_belt_u.wav,belt,high_energy,170.45921037121366,2997.2629040032075,5280.576812243852,1.9070329285864989
/content/FULL/male8/scales/breathy/m8_scales_breathy_i.wav,breathy,low_energy,195.10567964948527,2985.454551035598,4667.913802749361,1.651561610410152
/content/FULL/male8/scales/breathy/m8_scales_breathy_u.wav,breathy,low_energy,197.38783284380872,2331.6548842461125,3922.130647502338,3.2480957740601824
/content/FULL/male8/scales/breathy/m8_scales_breathy_a.wav,breathy,low_energy,194.02556886173983,2131.198996798982,3466.982682788645,-8.379177254909644
/content/FULL/male8/scales/breathy/m8_scales_breathy_o.wav,breathy,low_energy,197.15680774986706,2108.4761726737074,3566.895649451336,5.200967711554005
/content/FULL/male8/scales/breathy/m8_scales_breathy_e.wav,breathy,low_energy,193.41522503970745,2519.3990972269235,3988.4457236842104,4.7337577830442985
/content/FULL/male8/scales/belt/m8_scales_belt_a.wav,belt,high_energy,183.61637022546645,2939.1119239286304,4872.227530643858,-7.7694287964161095
/content/FULL/male8/scales/belt/m8_scales_belt_i.wav,belt,high_energy,196.33372274964978,2931.234742994862,4089.765609449642,0.37294212479039146
/content/FULL/male8/scales/belt/m8_scales_belt_u.wav,belt,high_energy,194.34670080060295,2330.833088496028,3820.4285208102874,-3.5860398379015104
/content/FULL/male8/scales/belt/m8_scales_belt_e.wav,belt,high_energy,188.85761827873992,2806.485397333687,4196.720731431159,-0.5793199838329466
/content/FULL/male8/scales/belt/m8_scales_belt_o.wav,belt,high_energy,193.40620724493286,2149.948270932865,3590.999623133614,0.5035847975606164
/content/FULL/male8/arpeggios/breathy/m8_arpeggios_breathy_u.wav,breathy,low_energy,178.24661187854696,2445.348440860832,3598.9308150773195,-0.9820842203460151
/content/FULL/male8/arpeggios/breathy/m8_arpeggios_breathy_i.wav,breathy,low_energy,178.56040089733244,3037.717414991533,4788.727262126866,3.072098872535459
/content/FULL/male8/arpeggios/breathy/m8_arpeggios_breathy_e.wav,breathy,low_energy,175.83776182861664,2581.412177368762,4258.337468806715,0.47464418584524204
/content/FULL/male8/arpeggios/breathy/m8_arpeggios_breathy_a.wav,breathy,low_energy,176.04188192002226,2229.8171811755215,3969.0226665296054,-20.916130336055268
/content/FULL/male8/arpeggios/breathy/m8_arpeggios_breathy_o.wav,breathy,low_energy,180.63296798356603,2321.0908555367596,3412.8749143053014,0.3363698778089987
/content/FULL/male8/arpeggios/belt/m8_arpeggios_belt_u.wav,belt,high_energy,181.77350241809287,2264.94167656553,3716.4371045820553,3.8942468601484537
/content/FULL/male8/arpeggios/belt/m8_arpeggios_belt_i.wav,belt,high_energy,177.4290800073539,3189.039110413438,4354.437128170764,-1.8332319228666791
/content/FULL/male8/arpeggios/belt/m8_arpeggios_belt_o.wav,belt,high_energy,175.5278280898675,2329.94764580523,3752.4343716896187,5.407462574620113
/content/FULL/male8/arpeggios/belt/m8_arpeggios_belt_e.wav,belt,high_energy,179.39378877423678,2640.757663932746,3942.6378615359044,2.998035960519748
/content/FULL/male8/arpeggios/belt/m8_arpeggios_belt_a.wav,belt,high_energy,184.84786796632758,2216.774919428298,3451.2572493289877,4.3649555223387475
/content/FULL/male5/scales/breathy/m5_scales_breathy_i.wav,breathy,low_energy,178.76866335958502,3375.451428992427,7092.569722020349,-4.948340099452675
/content/FULL/male5/scales/breathy/m5_scales_breathy_u.wav,breathy,low_energy,190.89299779121225,2113.255367021311,3126.6905556955644,9.269795092468371
/content/FULL/male5/scales/breathy/m5_scales_breathy_o.wav,breathy,low_energy,189.40544713223358,2287.862138028726,3974.4140625,5.303468195052259
/content/FULL/male5/scales/breathy/m5_scales_breathy_e.wav,breathy,low_energy,184.7153607291652,2676.0101229933944,4846.928267045455,1.168811829519312
/content/FULL/male5/scales/breathy/m5_scales_breathy_a.wav,breathy,low_energy,169.9136340666989,3455.8094532855757,6606.422310821281,-21.334506088826533
/content/FULL/male5/scales/belt/m5_scales_belt_u.wav,belt,high_energy,187.9262860132903,2558.559741644448,4566.260483685662,3.7156750634137854
/content/FULL/male5/scales/belt/m5_scales_belt_a.wav,belt,high_energy,183.1907261101397,2510.135044585313,4653.450284459284,-3.5001771443870675
/content/FULL/male5/scales/belt/m5_scales_belt_o.wav,belt,high_energy,184.4956328546721,2520.3978748681725,4526.82119205298,-26.73711499109455
/content/FULL/male5/scales/belt/m5_scales_belt_e.wav,belt,high_energy,185.25629046034018,2664.3613908900206,4519.749873991936,-2.767962803173272
/content/FULL/male5/scales/belt/m5_scales_belt_i.wav,belt,high_energy,184.80941310445536,3143.37106908109,5192.159242021276,-7.285044660389317
/content/FULL/male5/arpeggios/breathy/m5_arpeggios_breathy_i.wav,breathy,low_energy,170.76802384950707,3143.7302904523604,5935.065786801343,-6.7101944691224515
/content/FULL/male5/arpeggios/breathy/m5_arpeggios_breathy_e.wav,breathy,low_energy,165.5147039073559,2776.273635500337,4882.994290865385,-3.280375561927979
/content/FULL/male5/arpeggios/breathy/m5_arpeggios_breathy_u.wav,breathy,low_energy,161.66205026269637,2968.495203845504,4920.505142211914,-13.571619612807448
/content/FULL/male5/arpeggios/breathy/m5_arpeggios_breathy_o.wav,breathy,low_energy,168.5784443387434,2541.250824723672,4556.977914663462,-5.0932126868382745
/content/FULL/male5/arpeggios/breathy/m5_arpeggios_breathy_a.wav,breathy,low_energy,166.1574631679031,2552.408288463825,4516.598557692308,0.24754514605588734
/content/FULL/male5/arpeggios/belt/m5_arpeggios_belt_i.wav,belt,high_energy,169.92556743197792,2995.948327094939,4511.7068268531975,0.21165346742255634
/content/FULL/male5/arpeggios/belt/m5_arpeggios_belt_e.wav,belt,high_energy,162.84808779968756,2777.5427884535056,4635.207603717672,-7.418157584604898
/content/FULL/male5/arpeggios/belt/m5_arpeggios_belt_o.wav,belt,high_energy,168.65874633252017,2122.174019858161,3615.860376602564,0.1260759044439262
/content/FULL/male5/arpeggios/belt/m5_arpeggios_belt_a.wav,belt,high_energy,169.3385963746145,2759.2412213924886,5088.427734375,-9.259850036408954
/content/FULL/male5/arpeggios/belt/m5_arpeggios_belt_u.wav,belt,high_energy,166.29824927984802,2547.914494469176,4162.791250458211,1.401730862681338
/content/FULL/female2/scales/breathy/f2_scales_breathy_e.wav,breathy,low_energy,319.6154172133404,3971.3616193937773,10000.048434878356,-13.282966957137148
/content/FULL/female2/scales/breathy/f2_scales_breathy_u.wav,breathy,low_energy,324.89471982434156,3044.7664786870173,6316.480796202708,-48.515942396331674
/content/FULL/female2/scales/breathy/f2_scales_breathy_o.wav,breathy,low_energy,324.47989156167165,3273.300156336581,7184.684760322398,-72.32288738084762
/content/FULL/female2/scales/breathy/f2_scales_breathy_a.wav,breathy,low_energy,325.8730227081645,3625.8418814958127,8552.769828464674,-12.296503120515673
/content/FULL/female2/scales/breathy/f2_scales_breathy_i.wav,breathy,low_energy,325.931071606628,3692.513517417609,8881.325088043866,-18.737564106197112
/content/FULL/female2/scales/belt/f2_scales_belt_a.wav,belt,high_energy,312.5879325049824,3275.666235580373,5728.961959449963,-7.203393218705948
/content/FULL/female2/scales/belt/f2_scales_belt_i.wav,belt,high_energy,326.44628484726513,3630.1582812525994,6463.497792119565,-18.593412990093004
/content/FULL/female2/scales/belt/f2_scales_belt_u.wav,belt,high_energy,323.3884053215954,2929.975258883443,6436.023870504127,-22.805519438991258
/content/FULL/female2/scales/belt/f2_scales_belt_o.wav,belt,high_energy,322.4203076791511,3325.2331404031665,6309.494768522991,-11.290313767738459
/content/FULL/female2/scales/belt/f2_scales_belt_e.wav,belt,high_energy,313.8127662322143,3423.6946679336743,5928.215114932722,-9.767526720246808
/content/FULL/female2/arpeggios/breathy/f2_arpeggios_breathy_e.wav,breathy,low_energy,311.42338356314605,4690.635851743437,11763.25373504584,-19.18271650112255
/content/FULL/female2/arpeggios/breathy/f2_arpeggios_breathy_i.wav,breathy,low_energy,306.430260421191,4529.600325503716,12191.98670119382,-13.202421092362842
/content/FULL/female2/arpeggios/breathy/f2_arpeggios_breathy_a.wav,breathy,low_energy,302.96563260428735,4124.283795076113,9631.526073205017,-20.046948188763484
/content/FULL/female2/arpeggios/breathy/f2_arpeggios_breathy_o.wav,breathy,low_energy,285.8914678012038,3871.691463055877,8440.900062192532,-32.9439945635813
/content/FULL/female2/arpeggios/breathy/f2_arpeggios_breathy_u.wav,breathy,low_energy,306.18242215874375,3402.4978283483024,5569.948508522727,-20.329316911315946
/content/FULL/female2/arpeggios/belt/f2_arpeggios_belt_o.wav,belt,high_energy,314.68984679241237,3064.2042069494496,5782.753796523876,-5.905033241247291
/content/FULL/female2/arpeggios/belt/f2_arpeggios_belt_i.wav,belt,high_energy,310.3067717749693,3862.7663099466545,7282.156606820913,-25.757656984296414
/content/FULL/female2/arpeggios/belt/f2_arpeggios_belt_e.wav,belt,high_energy,302.0867482065991,3627.5192081334953,6528.129586066989,-11.047134521831271
/content/FULL/female2/arpeggios/belt/f2_arpeggios_belt_a.wav,belt,high_energy,308.94041760858886,2902.629247780422,5256.136836897448,-6.728226371248295
/content/FULL/female2/arpeggios/belt/f2_arpeggios_belt_u.wav,belt,high_energy,322.2760368593674,2874.908558851513,6781.7378197365315,-3.2894287610176067
/content/FULL/female3/scales/breathy/f3_scales_breathy_i.wav,breathy,low_energy,315.7152709623903,3131.6841655566404,5121.463671444796,-20.84656029626994
/content/FULL/female3/scales/breathy/f3_scales_breathy_u.wav,breathy,low_energy,319.71899020862355,3196.770252208292,5003.310092659884,-63.158032072900056
/content/FULL/female3/scales/breathy/f3_scales_breathy_a.wav,breathy,low_energy,322.54516919199267,3076.446883793694,4795.467857807845,-7.432226049246082
/content/FULL/female3/scales/breathy/f3_scales_breathy_e.wav,breathy,low_energy,321.27500967878626,3019.4906130422614,5051.14109205163,-0.1669038850442107
/content/FULL/female3/scales/breathy/f3_scales_breathy_o.wav,breathy,low_energy,308.1356293459112,3076.6168473389394,4726.3427734375,-27.493996389934267
/content/FULL/female3/scales/belt/f3_scales_belt_i.wav,belt,high_energy,314.8741702279568,3999.5153059844965,6892.463480522945,-72.37556401828465
/content/FULL/female3/scales/belt/f3_scales_belt_e.wav,belt,high_energy,308.9845925603171,3451.8367654858816,6322.073294370229,-6.329224130915104
/content/FULL/female3/scales/belt/f3_scales_belt_u.wav,belt,high_energy,319.42694672359306,3558.9618273915416,7858.713212985437,-43.68562626157201
/content/FULL/female3/scales/belt/f3_scales_belt_a.wav,belt,high_energy,316.59642877008054,3094.756037435186,5429.842557251908,0.755506105734079
/content/FULL/female3/scales/belt/f3_scales_belt_o.wav,belt,high_energy,317.80279972322813,3382.5547031867436,6022.804568049222,1.7852182783880934
/content/FULL/female3/arpeggios/breathy/f3_arpeggios_breathy_i.wav,breathy,low_energy,301.3624728733925,3057.8933527942745,5327.343950663528,1.6743871145017584
/content/FULL/female3/arpeggios/breathy/f3_arpeggios_breathy_a.wav,breathy,low_energy,318.02316472345444,2503.479557770456,4097.9527798474755,2.2293492355484994
/content/FULL/female3/arpeggios/breathy/f3_arpeggios_breathy_o.wav,breathy,low_energy,305.9741032407709,2508.244774402085,4110.469494835805,5.233409165779935
/content/FULL/female3/arpeggios/breathy/f3_arpeggios_breathy_e.wav,breathy,low_energy,307.0081015138567,2993.082183886503,4863.560734832636,-3.7346632231120482
/content/FULL/female3/arpeggios/breathy/f3_arpeggios_breathy_u.wav,breathy,low_energy,312.36525577781305,2479.2796082488744,4119.63519525597,7.706705201713637
/content/FULL/female3/arpeggios/belt/f3_arpeggios_belt_u.wav,belt,high_energy,303.72850985985093,3244.927678689671,6482.279628537736,-2.2806868903153767
/content/FULL/female3/arpeggios/belt/f3_arpeggios_belt_i.wav,belt,high_energy,305.8046331599259,3633.464368970422,6313.260512953698,-10.473955279525265
/content/FULL/female3/arpeggios/belt/f3_arpeggios_belt_a.wav,belt,high_energy,302.15464525404366,2883.0215758483855,5572.33359375,-4.850296108661882
/content/FULL/female3/arpeggios/belt/f3_arpeggios_belt_e.wav,belt,high_energy,301.9884569015582,3142.917182113829,5983.717774762551,-1.8606053525250401
/content/FULL/female3/arpeggios/belt/f3_arpeggios_belt_o.wav,belt,high_energy,308.32214763023694,2769.417397810438,5521.401842505531,-1.0504809435186417
/content/FULL/female1/scales/breathy/f1_scales_breathy_a.wav,breathy,low_energy,322.16764404177263,4100.680554474352,7210.622518570697,-21.245193926261116
/content/FULL/female1/scales/breathy/f1_scales_breathy_e.wav,breathy,low_energy,329.01121515469214,4955.8622267119745,10397.244943551812,-26.5179719957493
/content/FULL/female1/scales/breathy/f1_scales_breathy_u.wav,breathy,low_energy,359.84325123290665,3824.458730046669,9424.980739301616,-27.23679189422286
/content/FULL/female1/scales/breathy/f1_scales_breathy_o.wav,breathy,low_energy,362.31991049031683,3351.4409164836707,7597.141341233931,1.903891229371837
/content/FULL/female1/scales/breathy/f1_scales_breathy_i.wav,breathy,low_energy,367.74982621624537,4210.410749353371,10499.206375749143,-46.29231359517882
/content/FULL/female1/scales/belt/f1_scales_belt_i.wav,belt,high_energy,327.97570673352976,3956.2751023574997,6063.284160285596,-46.33177467475998
/content/FULL/female1/scales/belt/f1_scales_belt_a.wav,belt,high_energy,320.5538941625926,3886.996530206577,6120.840594951923,-8.365589233815149
/content/FULL/female1/scales/belt/f1_scales_belt_u.wav,belt,high_energy,328.7045217716725,4031.7584560592068,7141.758963132553,-86.20180719335733
/content/FULL/female1/scales/belt/f1_scales_belt_e.wav,belt,high_energy,316.56220549816214,4070.651777159187,6180.051180211509,-20.519325261259574
/content/FULL/female1/scales/belt/f1_scales_belt_o.wav,belt,high_energy,329.06641540644944,3442.867055811601,5739.927277260638,-32.75037042112449
/content/FULL/female1/arpeggios/breathy/f1_arpeggios_breathy_e.wav,breathy,low_energy,313.14632769022126,4968.315214679156,11215.945429868067,-26.267223294369956
/content/FULL/female1/arpeggios/breathy/f1_arpeggios_breathy_o.wav,breathy,low_energy,318.6343512396241,4394.724989339804,9822.236675206987,-20.643829774094737
/content/FULL/female1/arpeggios/breathy/f1_arpeggios_breathy_u.wav,breathy,low_energy,352.3407895481416,3364.0944018171263,8554.248046875,-9.119343001845472
/content/FULL/female1/arpeggios/breathy/f1_arpeggios_breathy_i.wav,breathy,low_energy,316.46651534294114,4941.694897375727,11308.563747176206,-18.800267926631744
/content/FULL/female1/arpeggios/breathy/f1_arpeggios_breathy_a.wav,breathy,low_energy,303.4788088132161,3902.5493797819854,8413.200504582683,-10.805697712157427
/content/FULL/female1/arpeggios/belt/f1_arpeggios_belt_c_i.wav,belt,high_energy,298.6727913149679,4354.657575322078,6575.355222842801,-30.92256241445286
/content/FULL/female1/arpeggios/belt/f1_arpeggios_belt_c_a.wav,belt,high_energy,301.8715607046939,3770.445643799304,6756.762539808918,-17.18514651135875
/content/FULL/female1/arpeggios/belt/f1_arpeggios_belt_c_u.wav,belt,high_energy,318.655896417629,3290.68542744644,5953.880431084759,-17.76107932646757
/content/FULL/female1/arpeggios/belt/f1_arpeggios_belt_c_o.wav,belt,high_energy,309.8188962813018,3418.714349700271,5749.907552083333,-7.617376016299691
/content/FULL/female1/arpeggios/belt/f1_arpeggios_belt_c_e.wav,belt,high_energy,295.66031642521284,3871.3866204129185,5919.371002975075,-12.338639225320984
/content/FULL/female8/scales/breathy/f8_scales_breathy_a.wav,breathy,low_energy,359.07404522806354,3137.5516613000023,6789.539317255435,13.956333939106084
/content/FULL/female8/scales/breathy/f8_scales_breathy_o.wav,breathy,low_energy,333.6693176039213,4596.842194810674,11318.2595112352,-10.984949486490189
/content/FULL/female8/scales/breathy/f8_scales_breathy_i.wav,breathy,low_energy,352.595691298523,4221.303668536701,10210.631289724577,9.443556052140478
/content/FULL/female8/scales/breathy/f8_scales_breathy_e.wav,breathy,low_energy,331.62730283853955,4728.692269610941,10945.529256137746,1.2807739544490848
/content/FULL/female8/scales/breathy/f8_scales_breathy_u.wav,breathy,low_energy,350.3470034249761,4360.752294196022,10993.305594077316,-0.37073754005915244
/content/FULL/female8/scales/belt/f8_scales_belt_u.wav,belt,high_energy,327.31819504134626,3784.0416600987396,7067.965631022852,-43.881252292839335
/content/FULL/female8/scales/belt/f8_scales_belt_o.wav,belt,high_energy,334.4826504048069,3238.5563573669115,5391.70584048865,13.263836899115065
/content/FULL/female8/scales/belt/f8_scales_belt_i.wav,belt,high_energy,335.47635021315466,3857.6859013239623,6607.31801746639,-12.892360137057667
/content/FULL/female8/scales/belt/f8_scales_belt_a.wav,belt,high_energy,328.40398973019603,3387.6521715300246,5543.0094586418,8.454563586082328
/content/FULL/female8/scales/belt/f8_scales_belt_e.wav,belt,high_energy,322.34735061647496,3446.7605317723296,5485.683295562977,0.9718460641430223
/content/FULL/female8/arpeggios/breathy/f8_arpeggios_breathy_a.wav,breathy,low_energy,312.20161981797486,3022.915592988987,5769.064709739963,-4.636905117637377
/content/FULL/female8/arpeggios/breathy/f8_arpeggios_breathy_o.wav,breathy,low_energy,334.6256106116293,2889.7393789420103,5428.110083836488,12.297026310153793
/content/FULL/female8/arpeggios/breathy/f8_arpeggios_breathy_u.wav,breathy,low_energy,325.66005114637284,3499.9941244977304,8664.531360973011,2.435663680603072
/content/FULL/female8/arpeggios/breathy/f8_arpeggios_breathy_e.wav,breathy,low_energy,320.3149689349878,3778.5649934971743,9090.383078835228,-0.5608602105707973
/content/FULL/female8/arpeggios/breathy/f8_arpeggios_breathy_i.wav,breathy,low_energy,331.5732905792921,4084.221312156135,10144.086398790829,6.632254512757146
/content/FULL/female8/arpeggios/belt/f8_arpeggios_belt_o.wav,belt,high_energy,321.96646295520986,3307.170351198424,5457.19034776548,6.080308897882039
/content/FULL/female8/arpeggios/belt/f8_arpeggios_belt_u.wav,belt,high_energy,321.91187542754886,3194.514745871693,5416.902997416834,10.798112919439133
/content/FULL/female8/arpeggios/belt/f8_arpeggios_belt_i.wav,belt,high_energy,310.87119215893324,3714.480089456484,6593.1864476930405,12.487241474061014
/content/FULL/female8/arpeggios/belt/f8_arpeggios_belt_e.wav,belt,high_energy,315.10866981434225,3545.5896434744086,5911.353648792614,-4.944235189147672
/content/FULL/female8/arpeggios/belt/f8_arpeggios_belt_a.wav,belt,high_energy,302.58814106132365,3326.400537272353,5658.2109616126545,7.494235548961029
/content/FULL/female4/scales/breathy/f4_scales_breathy_e.wav,breathy,low_energy,344.858123693034,4780.406954604215,13765.51243558843,7.650978290267617
/content/FULL/female4/scales/breathy/f4_scales_breathy_o.wav,breathy,low_energy,343.0361170434664,4749.218123751736,13675.52069850222,8.938449463498339
/content/FULL/female4/scales/breathy/f4_scales_breathy_i.wav,breathy,low_energy,339.06209962405694,4492.747217485335,12247.998046875,11.514569862287798
/content/FULL/female4/scales/breathy/f4_scales_breathy_u.wav,breathy,low_energy,342.40480693604377,5307.342989747364,15081.792135799633,0.09118078086521371
/content/FULL/female4/scales/breathy/f4_scales_breathy_a.wav,breathy,low_energy,324.54881233385333,5086.144314281347,11604.920162907076,-13.945089043402616
/content/FULL/female4/scales/belt/f4_scales_belt_u.wav,belt,high_energy,327.63407663992103,3644.0533256019357,7027.506733758576,1.2362793499250389
/content/FULL/female4/scales/belt/f4_scales_belt_i.wav,belt,high_energy,336.4141891713994,3997.076811161652,6730.45494884839,4.228766649335986
/content/FULL/female4/scales/belt/f4_scales_belt_e.wav,belt,high_energy,334.2927773347434,3478.8298678501537,5137.776692708333,2.0849210994232354
/content/FULL/female4/scales/belt/f4_scales_belt_a.wav,belt,high_energy,333.8648993766612,3389.9987142213517,5469.202468135062,2.228634381425637
/content/FULL/female4/scales/belt/f4_scales_belt_o.wav,belt,high_energy,336.89138980372104,2810.529081874013,4454.39384714317,11.213868395156815
/content/FULL/female4/arpeggios/breathy/f4_arpeggios_breathy_i.wav,breathy,low_energy,311.34891002873513,5587.605773536922,14908.806818181818,-9.33377260391691
/content/FULL/female4/arpeggios/breathy/f4_arpeggios_breathy_u.wav,breathy,low_energy,300.03429172961114,6613.6776546088995,17127.24110940454,-26.706678759908765
/content/FULL/female4/arpeggios/breathy/f4_arpeggios_breathy_e.wav,breathy,low_energy,295.5997025194219,6092.155623099834,15793.110747466217,-14.342191049500338
/content/FULL/female4/arpeggios/breathy/f4_arpeggios_breathy_o.wav,breathy,low_energy,308.0931524025253,5216.3297455373895,15436.570864818135,1.535862994968441
/content/FULL/female4/arpeggios/breathy/f4_arpeggios_breathy_a.wav,breathy,low_energy,319.50663472802853,5111.72518120702,13995.684814453125,1.4593821323597078
/content/FULL/female4/arpeggios/belt/f4_arpeggios_belt_i.wav,belt,high_energy,308.5796779659981,4661.728176923903,7732.761485541045,-13.7652535952934
/content/FULL/female4/arpeggios/belt/f4_arpeggios_belt_u.wav,belt,high_energy,313.1415672909146,3764.2278756527517,7395.60546875,-0.3136267874216857
/content/FULL/female4/arpeggios/belt/f4_arpeggios_belt_o.wav,belt,high_energy,313.49430988852475,3105.339441686108,5251.817737926136,-0.6787838421002409
/content/FULL/female4/arpeggios/belt/f4_arpeggios_belt_e.wav,belt,high_energy,299.69186126370056,3539.8996640745704,5544.282416511728,-1.8117040360993184
/content/FULL/female4/arpeggios/belt/f4_arpeggios_belt_a.wav,belt,high_energy,307.51168630857694,2784.3520362461204,4552.109527587891,6.8048201686039675
/content/FULL/male9/scales/breathy/m9_scales_breathy_i.wav,breathy,low_energy,349.59428088993883,2318.291355993782,4153.859690438329,0.9038288558920144
/content/FULL/male9/scales/breathy/m9_scales_breathy_e.wav,breathy,low_energy,340.5853956786207,2715.560168386194,5354.351099366282,-2.779064115358472
/content/FULL/male9/scales/breathy/m9_scales_breathy_a.wav,breathy,low_energy,333.8620470562222,2257.1079198712005,2792.420442439308,-18.139319726161414
/content/FULL/male9/scales/breathy/m9_scales_breathy_u.wav,breathy,low_energy,355.1622467640023,1849.7756674443654,2212.4004099628714,6.344703232493743
/content/FULL/male9/scales/breathy/m9_scales_breathy_o.wav,breathy,low_energy,342.2510200182251,1967.4770983010949,2485.6796116504856,7.522540282037187
/content/FULL/male9/scales/belt/m9_scales_belt_u.wav,belt,high_energy,197.7319024754693,2189.3895470963025,4280.104988202877,10.803122030412254
/content/FULL/male9/scales/belt/m9_scales_belt_i.wav,belt,high_energy,186.28989258826365,2960.482185902573,5076.031334918478,-2.106343063999706
/content/FULL/male9/scales/belt/m9_scales_belt_e.wav,belt,high_energy,187.1639117516852,2576.0056729301577,4243.304921025815,-6.980494472750851
/content/FULL/male9/scales/belt/m9_scales_belt_o.wav,belt,high_energy,183.55178292490044,1999.357090934969,4011.328125,7.200546334072743
/content/FULL/male9/scales/belt/m9_scales_belt_a.wav,belt,high_energy,189.8470527170058,2405.237080554783,4471.987309865456,1.3793588918357174
/content/FULL/male9/arpeggios/breathy/m9_arpeggios_breathy_o.wav,breathy,low_energy,325.68735564515356,2756.6743600661534,3842.0580549568967,4.627562681933141
/content/FULL/male9/arpeggios/breathy/m9_arpeggios_breathy_u.wav,breathy,low_energy,325.91968193318075,2663.039125800972,4050.0485680550933,1.6838091001477855
/content/FULL/male9/arpeggios/breathy/m9_arpeggios_breathy_a.wav,breathy,low_energy,315.15563319290345,2489.3315658355555,3981.9911595394738,3.09330807501598
/content/FULL/male9/arpeggios/breathy/m9_arpeggios_breathy_e.wav,breathy,low_energy,330.6430229268621,2937.741981888072,5933.583068847656,6.982610773025775
/content/FULL/male9/arpeggios/breathy/m9_arpeggios_breathy_i.wav,breathy,low_energy,337.858579485655,2667.655546495454,5365.331694504311,13.854796773116984
/content/FULL/male9/arpeggios/belt/m9_arpeggios_belt_e.wav,belt,high_energy,168.23411750115818,3084.360536208417,5504.666607196515,-6.9232422403420815
/content/FULL/male9/arpeggios/belt/m9_arpeggios_belt_u.wav,belt,high_energy,170.93042474534175,2268.884919575356,4493.442860311514,1.9865130792459327
/content/FULL/male9/arpeggios/belt/m9_arpeggios_belt_o.wav,belt,high_energy,163.00726136970997,2333.053635272842,4789.206089727964,1.3649685459157108
/content/FULL/male9/arpeggios/belt/m9_arpeggios_belt_i.wav,belt,high_energy,171.88625655924085,3366.8686125289605,6520.45405461238,-5.328197275728853
/content/FULL/male9/arpeggios/belt/m9_arpeggios_belt_a.wav,belt,high_energy,169.38419002146804,3149.3666635216996,6649.5311909932025,-9.106014690802484
/content/FULL/female5/scales/breathy/f5_scales_breathy_a.wav,breathy,low_energy,314.8856774387217,4385.322385142639,8622.292856069711,-36.34903164233923
/content/FULL/female5/scales/breathy/f5_scales_breathy_u.wav,breathy,low_energy,356.50377209733443,3979.1927849197104,7428.753833235981,-8.813577364907355
/content/FULL/female5/scales/breathy/f5_scales_breathy_o.wav,breathy,low_energy,348.34719288933377,4427.584260781811,8920.652770996094,-7.586360986139469
/content/FULL/female5/scales/breathy/f5_scales_breathy_i.wav,breathy,low_energy,361.25836048123483,4376.006761680461,8732.486470540365,-12.682790890931734
/content/FULL/female5/scales/breathy/f5_scales_breathy_e.wav,breathy,low_energy,349.83214067484687,3904.6673945565094,7265.40096507353,-11.819258778869427
/content/FULL/female5/scales/belt/f5_scales_belt_o.wav,belt,high_energy,358.46774665123854,3376.8723948632787,5546.385384965113,-0.6165535755357201
/content/FULL/female5/scales/belt/f5_scales_belt_e.wav,belt,high_energy,345.61231819804675,3989.7706324189876,6296.587258731618,-10.706902016756828
/content/FULL/female5/scales/belt/f5_scales_belt_u.wav,belt,high_energy,354.0513087517278,3333.5493099989594,5665.873828125,-5.797030828569884
/content/FULL/female5/scales/belt/f5_scales_belt_i.wav,belt,high_energy,346.9578384070182,4305.827976821006,6746.0271815527685,-3.952880492703183
/content/FULL/female5/scales/belt/f5_scales_belt_a.wav,belt,high_energy,330.55171721516626,3916.3710402469865,6177.546645220588,-7.803084515384794
/content/FULL/female5/arpeggios/breathy/f5_arpeggios_breathy_u.wav,breathy,low_energy,337.32710615781065,4534.096002654351,8918.734834718836,-16.382828121950066
/content/FULL/female5/arpeggios/breathy/f5_arpeggios_breathy_e.wav,breathy,low_energy,325.01935344632676,4140.332402876742,8433.024265455164,-2.2172763369055244
/content/FULL/female5/arpeggios/breathy/f5_arpeggios_breathy_o.wav,breathy,low_energy,303.80334007973664,4644.914870831504,8227.697898653656,-17.208076613536537
/content/FULL/female5/arpeggios/breathy/f5_arpeggios_breathy_i.wav,breathy,low_energy,313.55196558717023,5733.01570129242,10394.753745823826,-28.316542289915294
/content/FULL/female5/arpeggios/breathy/f5_arpeggios_breathy_a.wav,breathy,low_energy,315.1698687869536,4979.892784184218,8238.080681907071,-23.219854646412387
/content/FULL/female5/arpeggios/belt/f5_arpeggios_belt_a.wav,belt,high_energy,315.47363871960596,3738.0484239480725,5942.683257326555,-8.40470866436931
/content/FULL/female5/arpeggios/belt/f5_arpeggios_belt_u.wav,belt,high_energy,319.1643486570916,4010.1953691161884,8084.076523199314,-3.6812418874239006
/content/FULL/female5/arpeggios/belt/f5_arpeggios_belt_e.wav,belt,high_energy,318.1242813639109,3818.1564914131354,5784.880065917969,-7.278960562687767
/content/FULL/female5/arpeggios/belt/f5_arpeggios_belt_i.wav,belt,high_energy,327.2011913783465,4515.207185423542,7174.626941215702,-16.180267846258076
/content/FULL/female5/arpeggios/belt/f5_arpeggios_belt_o.wav,belt,high_energy,334.3592779151541,3486.0286193352053,5841.110967120853,-3.6884655587649666
/content/FULL/male2/scales/breathy/m2_scales_breathy_a.wav,breathy,low_energy,193.0279973236146,2098.8761157688255,3652.2491455078125,4.9442437529267425
/content/FULL/male2/scales/breathy/m2_scales_breathy_u.wav,breathy,low_energy,192.117730698636,1714.2731923727138,2483.163069548988,6.81821791436243
/content/FULL/male2/scales/breathy/m2_scales_breathy_e.wav,breathy,low_energy,194.46646285990593,1982.1311796554114,3505.3897218208094,9.651922399668889
/content/FULL/male2/scales/breathy/m2_scales_breathy_i.wav,breathy,low_energy,197.8985117050962,2275.3029955642373,3802.2699433255057,9.492838192621058
/content/FULL/male2/scales/breathy/m2_scales_breathy_o.wav,breathy,low_energy,194.32258666254697,1420.7627950941255,1634.1012299245356,16.00716504059595
/content/FULL/male2/scales/belt/m2_scales_belt_u.wav,belt,high_energy,195.83142334283332,2608.2916069657226,4415.394176136364,-1.2126427849062251
/content/FULL/male2/scales/belt/m2_scales_belt_o.wav,belt,high_energy,194.34199846049253,2482.6106204814787,4219.814980996622,-2.2816416174343632
/content/FULL/male2/scales/belt/m2_scales_belt_e.wav,belt,high_energy,196.3920458907951,2642.9233802142953,3801.919232536765,0.2139197974158411
/content/FULL/male2/scales/belt/m2_scales_belt_i.wav,belt,high_energy,197.98842451501656,2934.973870254692,4013.101947726916,-1.1235431241851963
/content/FULL/male2/scales/belt/m2_scales_belt_a.wav,belt,high_energy,191.8000395458041,2220.79705016651,4108.78848805147,-4.462233140259622
/content/FULL/male2/arpeggios/breathy/m2_arpeggios_breathy_a.wav,breathy,low_energy,174.9796394087428,1962.4474329100012,2978.73034868084,4.420871500271793
/content/FULL/male2/arpeggios/breathy/m2_arpeggios_breathy_i.wav,breathy,low_energy,182.27291821017357,2242.332653239371,3760.2825821189213,7.191413971457015
/content/FULL/male2/arpeggios/breathy/m2_arpeggios_breathy_o.wav,breathy,low_energy,178.9943713794724,1690.9966482191828,2356.2766033670177,-1.5381634176345331
/content/FULL/male2/arpeggios/breathy/m2_arpeggios_breathy_e.wav,breathy,low_energy,178.96714543958527,2220.355503488468,3818.0830886580156,2.817055935845311
/content/FULL/male2/arpeggios/breathy/m2_arpeggios_breathy_u.wav,breathy,low_energy,179.87368420087182,1680.4629975684006,2088.720703125,2.467858490847446
/content/FULL/male2/arpeggios/belt/m2_arpeggios_belt_o.wav,belt,high_energy,180.21798481203612,2143.6162075821744,3820.7411822150734,-0.1793047046315706
/content/FULL/male2/arpeggios/belt/m2_arpeggios_belt_i.wav,belt,high_energy,176.52180642209444,3017.01243337104,4594.603803080897,-9.995954253758859
/content/FULL/male2/arpeggios/belt/m2_arpeggios_belt_e.wav,belt,high_energy,177.75454971410238,2622.2929443436724,3950.0429331577448,-4.333453016393752
/content/FULL/male2/arpeggios/belt/m2_arpeggios_belt_a.wav,belt,high_energy,171.18885835817497,2453.5346593969384,4280.342627992021,-7.226602751842697
/content/FULL/male2/arpeggios/belt/m2_arpeggios_belt_u.wav,belt,high_energy,184.32365054492954,1936.4424444228976,3429.0938746675533,8.356684959656656
/content/FULL/male10/scales/breathy/m10_scales_breathy_a.wav,breathy,low_energy,171.26995234763353,2657.744178893015,5041.679423564189,-34.99473761080142
/content/FULL/male10/scales/breathy/m10_scales_breathy_u.wav,breathy,low_energy,177.30413306636743,2565.9093220139503,4318.706264378834,-5.713880404596317
/content/FULL/male10/scales/breathy/m10_scales_breathy_e.wav,breathy,low_energy,172.20453367267888,2701.2342274144835,4613.880485804314,-19.713329864188793
/content/FULL/male10/scales/breathy/m10_scales_breathy_o.wav,breathy,low_energy,175.87570495849513,2756.8149417039735,5411.33701171875,-16.765021650140383
/content/FULL/male10/scales/breathy/m10_scales_breathy_i.wav,breathy,low_energy,173.8495507282623,3436.6653777966358,7590.53955078125,-20.7618974147255
/content/FULL/male10/scales/belt/m10_scales_belt_i.wav,belt,high_energy,189.3788496605258,3554.3679969609993,5625.717544555664,-24.511285429500425
/content/FULL/male10/scales/belt/m10_scales_belt_u.wav,belt,high_energy,203.62652328192522,2816.5667141496606,4552.48877245509,-15.18167217652553
/content/FULL/male10/scales/belt/m10_scales_belt_o.wav,belt,high_energy,203.4558484803872,2815.5196977441574,5039.066248615895,-20.5145222112823
/content/FULL/male10/scales/belt/m10_scales_belt_e.wav,belt,high_energy,171.15262474860498,3175.549803234519,5357.558412905092,-26.371441562139143
/content/FULL/male10/scales/belt/m10_scales_belt_a.wav,belt,high_energy,186.8710496113914,2735.7766913709925,4835.314558225897,-18.95891182407783
/content/FULL/male10/arpeggios/breathy/m10_arpeggios_breathy_a.wav,breathy,low_energy,160.88016627868404,2844.387473423502,5832.080078125,-12.078797731592852
/content/FULL/male10/arpeggios/breathy/m10_arpeggios_breathy_u.wav,breathy,low_energy,158.32674032951493,2643.9433061931695,4871.363168902102,-10.083418128434838
/content/FULL/male10/arpeggios/breathy/m10_arpeggios_breathy_e.wav,breathy,low_energy,160.49387541543584,3134.2150123678525,6851.5278477822585,-12.47555697716759
/content/FULL/male10/arpeggios/breathy/m10_arpeggios_breathy_i.wav,breathy,low_energy,167.85195724140553,3137.375068039068,6953.22265625,-13.54082911836287
/content/FULL/male10/arpeggios/breathy/m10_arpeggios_breathy_o.wav,breathy,low_energy,166.89978597968113,2764.6283396026442,5580.002962605337,-18.096192744214196
/content/FULL/male10/arpeggios/belt/m10_arpeggios_belt_u.wav,belt,high_energy,236.81360464257136,2811.499205601393,4423.421666413835,-13.111712774973968
/content/FULL/male10/arpeggios/belt/m10_arpeggios_belt_a.wav,belt,high_energy,184.1081218907621,2653.4841096387686,4385.12851331361,-15.206657340238698
/content/FULL/male10/arpeggios/belt/m10_arpeggios_belt_i.wav,belt,high_energy,216.10306510996628,3226.34710752002,4684.972478693182,-13.67121856126514
/content/FULL/male10/arpeggios/belt/m10_arpeggios_belt_o.wav,belt,high_energy,208.1009501788321,2982.1639164609023,4861.986757732943,-30.945296751977978
/content/FULL/male10/arpeggios/belt/m10_arpeggios_belt_e.wav,belt,high_energy,184.31960931935942,2732.462991695784,4340.8607253569635,-16.697553950516344
/content/FULL/male3/scales/breathy/m3_scales_breathy_u.wav,breathy,low_energy,179.3025344589938,1954.720780110723,2365.8803455865204,1.5985561465878855
/content/FULL/male3/scales/breathy/m3_scales_breathy_a.wav,breathy,low_energy,176.37069372777856,2205.7879518011528,3503.629694932611,-7.083920251119243
/content/FULL/male3/scales/breathy/m3_scales_breathy_e.wav,breathy,low_energy,177.89336851613385,2540.6085686923843,4031.319948641595,-5.968732282495937
/content/FULL/male3/scales/breathy/m3_scales_breathy_i.wav,breathy,low_energy,174.92491375271126,2458.1509298148617,4291.691955061983,2.120783074211829
/content/FULL/male3/scales/breathy/m3_scales_breathy_o.wav,breathy,low_energy,188.04422643855253,2059.1078857771413,2975.3620215421597,-3.7121829216874307
/content/FULL/male3/scales/belt/m3_scales_belt_o.wav,belt,high_energy,176.29449573411287,2781.2589135099565,5131.511544709158,-2.234458362797954
/content/FULL/male3/scales/belt/m3_scales_belt_u.wav,belt,high_energy,191.9019141666836,2492.873157950585,4760.351648313928,-6.217072133599791
/content/FULL/male3/scales/belt/m3_scales_belt_e.wav,belt,high_energy,183.71114346501312,2762.345213730288,5012.081520585739,-1.5238229725504457
/content/FULL/male3/scales/belt/m3_scales_belt_i.wav,belt,high_energy,177.83271327401127,3213.4416269990206,5940.996290373322,-3.0937955634790892
/content/FULL/male3/scales/belt/m3_scales_belt_a.wav,belt,high_energy,177.87859892406007,2391.5122073255407,4402.944729339455,2.2162201956268555
/content/FULL/male3/arpeggios/breathy/m3_arpeggios_breathy_a.wav,breathy,low_energy,171.99264323131834,2490.75815052149,3131.700721153846,22.97556825114057
/content/FULL/male3/arpeggios/breathy/m3_arpeggios_breathy_o.wav,breathy,low_energy,169.10279791148594,1956.2667702583437,2647.4682743685235,6.420230266778417
/content/FULL/male3/arpeggios/breathy/m3_arpeggios_breathy_e.wav,breathy,low_energy,176.13170212567437,2922.0591237387234,4664.402721774193,22.716531027566873
/content/FULL/male3/arpeggios/breathy/m3_arpeggios_breathy_i.wav,breathy,low_energy,168.2245975048538,2807.195541753595,4973.744364500988,6.1543671982371695
/content/FULL/male3/arpeggios/breathy/m3_arpeggios_breathy_u.wav,breathy,low_energy,164.0926844989761,1687.3916159741393,2212.7308639054445,2.9613263858315224
/content/FULL/male3/arpeggios/belt/m3_arpeggios_belt_e.wav,belt,high_energy,170.34164418952335,2799.2619911902602,4600.093114098837,3.012843323427953
/content/FULL/male3/arpeggios/belt/m3_arpeggios_belt_i.wav,belt,high_energy,169.37060466131328,3224.780750450443,5693.72854331105,6.909135012651819
/content/FULL/male3/arpeggios/belt/m3_arpeggios_belt_u.wav,belt,high_energy,178.10103614894427,2381.878646007862,4564.985026858532,4.0367934801932925
/content/FULL/male3/arpeggios/belt/m3_arpeggios_belt_o.wav,belt,high_energy,175.0063728673567,2372.394588631821,4406.06855912642,6.7735600451967315
/content/FULL/male3/arpeggios/belt/m3_arpeggios_belt_a.wav,belt,high_energy,168.27193084962417,2614.028068539718,4723.796280570652,-0.044196394694171755
/content/FULL/male1/scales/breathy/m1_scales_breathy_a.wav,breathy,low_energy,199.69500791395564,2985.5981376506816,6527.255003991789,23.766282432693654
/content/FULL/male1/scales/breathy/m1_scales_breathy_u.wav,breathy,low_energy,197.04952366254227,3894.397740102576,5713.720703125,-15.699669643393758
/content/FULL/male1/scales/breathy/m1_scales_breathy_e.wav,breathy,low_energy,197.4056412289272,3984.860695547356,9006.308694948186,2.027973164522087
/content/FULL/male1/scales/breathy/m1_scales_breathy_o.wav,breathy,low_energy,193.95728685485935,4053.9867540557034,10172.026478160511,4.661040032004224
/content/FULL/male1/scales/breathy/m1_scales_breathy_i.wav,breathy,low_energy,193.10114594099517,4230.890064469969,8838.712498249626,-6.152725844743696
/content/FULL/male1/scales/belt/m1_scales_belt_u.wav,belt,high_energy,177.45893562572994,3590.6671585004833,5541.035603530534,-10.245166920246497
/content/FULL/male1/scales/belt/m1_scales_belt_a.wav,belt,high_energy,189.8107099881854,4047.0320065320157,6159.509420955882,-22.36523305919178
/content/FULL/male1/scales/belt/m1_scales_belt_i.wav,belt,high_energy,176.88854253495063,4369.648902354289,5963.569177942026,-20.251094042582213
/content/FULL/male1/scales/belt/m1_scales_belt_e.wav,belt,high_energy,175.2331210052967,4221.492588447909,5910.369437772385,-20.18248173924806
/content/FULL/male1/scales/belt/m1_scales_belt_o.wav,belt,high_energy,175.67933632118329,3470.794863416059,5156.917494896968,-17.027502203149417
/content/FULL/male1/arpeggios/breathy/m1_arpeggios_breathy_a.wav,breathy,low_energy,167.9380522280873,3726.7240016033884,7007.004663499735,-17.30016741050579
/content/FULL/male1/arpeggios/breathy/m1_arpeggios_breathy_e.wav,breathy,low_energy,159.85728298817534,3770.94350914099,8563.542239376418,-16.525866130022045
/content/FULL/male1/arpeggios/breathy/m1_arpeggios_breathy_o.wav,breathy,low_energy,166.38704301260884,2907.121500596408,4300.205943169691,-24.87875143683975
/content/FULL/male1/arpeggios/breathy/m1_arpeggios_breathy_u.wav,breathy,low_energy,162.99960253077919,2582.6905555034446,3737.6546748991937,-46.638660369600565
/content/FULL/male1/arpeggios/breathy/m1_arpeggios_breathy_i.wav,breathy,low_energy,168.95425201005517,4120.707614806536,9548.517487134344,-25.929227007604712
/content/FULL/male1/arpeggios/belt/m1_arpeggios_belt_a.wav,belt,high_energy,161.97239160413932,4446.789892534501,6693.856074892241,-29.365443892381666
/content/FULL/male1/arpeggios/belt/m1_arpeggios_belt_e.wav,belt,high_energy,165.1533047287543,4408.356231911247,6106.584543245264,-16.671395719469785
/content/FULL/male1/arpeggios/belt/m1_arpeggios_belt_u.wav,belt,high_energy,169.32458260715984,3978.230022982161,5862.687537636283,-13.746893153558531
/content/FULL/male1/arpeggios/belt/m1_arpeggios_belt_o.wav,belt,high_energy,171.447789000343,3657.8771292984893,5613.810881639833,-9.251965485170201
/content/FULL/male1/arpeggios/belt/m1_arpeggios_belt_i.wav,belt,high_energy,166.31518401628267,4500.173571753667,6027.652127826633,-16.305414459208777
/content/FULL/male7/scales/breathy/m7_scales_breathy_i.wav,breathy,low_energy,205.12222556410816,2855.361763651063,6109.800573897688,-17.289206943285084
/content/FULL/male7/scales/breathy/m7_scales_breathy_u.wav,breathy,low_energy,201.75319242907082,2289.149398777914,3966.594480558206,-20.05786965214476
/content/FULL/male7/scales/breathy/m7_scales_breathy_e.wav,breathy,low_energy,191.67909006332238,2539.2304687552437,4914.960631926337,-10.226551283731894
/content/FULL/male7/scales/breathy/m7_scales_breathy_a.wav,breathy,low_energy,188.5548617972122,2445.715653947104,4808.175895797092,-7.0979585993764
/content/FULL/male7/scales/breathy/m7_scales_breathy_o.wav,breathy,low_energy,206.39744306080257,2277.150650549479,3820.260606432175,-16.192622060436232
/content/FULL/male7/scales/belt/m7_scales_belt_o.wav,belt,high_energy,187.01404946668475,2194.1028780825122,4139.312385110294,1.2383289818836325
/content/FULL/male7/scales/belt/m7_scales_belt_e.wav,belt,high_energy,187.9851864925907,2629.5190118170835,4639.57006457158,-3.825093998422362
/content/FULL/male7/scales/belt/m7_scales_belt_a.wav,belt,high_energy,198.2197202431092,2170.672561225786,4035.4339451225687,-0.06987018386297258
/content/FULL/male7/scales/belt/m7_scales_belt_i.wav,belt,high_energy,194.0232628775069,2704.455539559161,4790.765482454385,2.390523165706964
/content/FULL/male7/scales/belt/m7_scales_belt_u.wav,belt,high_energy,190.18074802091115,2133.6235513629804,4151.256431021341,5.743258664578316
/content/FULL/male7/arpeggios/breathy/m7_arpeggios_breathy_o.wav,breathy,low_energy,172.266851213975,2710.230900380796,4875.245660566634,-19.200235547768067
/content/FULL/male7/arpeggios/breathy/m7_arpeggios_breathy_i.wav,breathy,low_energy,177.39091304759737,3312.041592960958,6723.842794393777,-12.769138848368232
/content/FULL/male7/arpeggios/breathy/m7_arpeggios_breathy_a.wav,breathy,low_energy,174.4280363140567,2869.7857367334127,5668.6354417067305,-12.643752229128637
/content/FULL/male7/arpeggios/breathy/m7_arpeggios_breathy_e.wav,breathy,low_energy,182.90032055530196,3358.345541783572,6685.23624195772,-19.180402736258895
/content/FULL/male7/arpeggios/breathy/m7_arpeggios_breathy_u.wav,breathy,low_energy,175.75693524448766,2264.241134272725,3428.5477917174444,-5.433649795723227
/content/FULL/male7/arpeggios/belt/m7_arpeggios_belt_i.wav,belt,high_energy,204.5358982503131,2916.993245369854,5026.685914205848,-1.4163699949993682
/content/FULL/male7/arpeggios/belt/m7_arpeggios_belt_u.wav,belt,high_energy,179.673164955904,2351.513915289685,4346.802689139135,0.008982469763219356
/content/FULL/male7/arpeggios/belt/m7_arpeggios_belt_a.wav,belt,high_energy,177.21747855154297,2524.482220736155,4484.016978589794,-1.9042780456396156
/content/FULL/male7/arpeggios/belt/m7_arpeggios_belt_o.wav,belt,high_energy,178.8623919760066,2452.022803648683,4589.59607712766,-1.6018431666219755
/content/FULL/male7/arpeggios/belt/m7_arpeggios_belt_e.wav,belt,high_energy,172.52860549005862,2577.0371369548907,4104.687419953893,-0.2341946137543351
/content/FULL/male11/scales/breathy/m11_scales_breathy_i.wav,breathy,low_energy,179.13660910451028,3512.3126518918366,7438.452446169969,-26.752419954458563
/content/FULL/male11/scales/breathy/m11_scales_breathy_a.wav,breathy,low_energy,178.31453765756652,2440.333300360404,4493.460675139925,-27.298329008735365
/content/FULL/male11/scales/breathy/m11_scales_breathy_o.wav,breathy,low_energy,177.84030574618473,2123.9207327184,3837.1341534514927,-8.29098985276746
/content/FULL/male11/scales/breathy/m11_scales_breathy_u.wav,breathy,low_energy,175.72941695186393,2261.1441556227464,3439.3310546875,-4.394351061675242
/content/FULL/male11/scales/breathy/m11_scales_breathy_e.wav,breathy,low_energy,180.465619364402,2882.0014889306594,5008.28432233146,-6.467343750335679
/content/FULL/male11/scales/belt/m11_scales_belt_o.wav,belt,high_energy,176.81845774067392,2451.100316725566,4465.04171119546,-10.235282507202779
/content/FULL/male11/scales/belt/m11_scales_belt_i.wav,belt,high_energy,175.22466350327306,3382.83001440307,4910.025239326585,-18.050356907530496
/content/FULL/male11/scales/belt/m11_scales_belt_u.wav,belt,high_energy,172.78142183946196,2589.0481837980137,4490.7255859375,-13.890392083014728
/content/FULL/male11/scales/belt/m11_scales_belt_e.wav,belt,high_energy,173.24328079839142,2985.9429942502456,4451.560092979754,-6.031912527432835
/content/FULL/male11/scales/belt/m11_scales_belt_a.wav,belt,high_energy,180.7641253938219,2680.075499555328,4932.91426225142,-11.779125295818783
/content/FULL/male11/arpeggios/breathy/m11_arpeggios_breathy_i.wav,breathy,low_energy,168.91918427347332,3206.540413604149,7587.126863361727,1.1551927712509475
/content/FULL/male11/arpeggios/breathy/m11_arpeggios_breathy_a.wav,breathy,low_energy,171.904370424355,2457.756492751754,4519.022902397261,-3.1579080473169956
/content/FULL/male11/arpeggios/breathy/m11_arpeggios_breathy_e.wav,breathy,low_energy,166.84918098743458,2940.7789446153656,5726.811197916667,-4.427233076720036
/content/FULL/male11/arpeggios/breathy/m11_arpeggios_breathy_o.wav,breathy,low_energy,164.95609377917324,2418.3999297375735,3948.9616980919473,2.6777221687162043
/content/FULL/male11/arpeggios/breathy/m11_arpeggios_breathy_u.wav,breathy,low_energy,177.16277153662185,2555.2360695334746,4282.9541015625,13.452758863842194
/content/FULL/male11/arpeggios/belt/m11_arpeggios_belt_i.wav,belt,high_energy,177.0936439105816,3562.773543352191,5352.753679142442,-11.058896053114168
/content/FULL/male11/arpeggios/belt/m11_arpeggios_belt_e.wav,belt,high_energy,171.1313399661978,3210.2152613020553,4976.238465797244,-9.421447585590768
/content/FULL/male11/arpeggios/belt/m11_arpeggios_belt_a.wav,belt,high_energy,175.66603524090672,2687.605750342919,4974.762259177791,-5.600440306483035
/content/FULL/male11/arpeggios/belt/m11_arpeggios_belt_o.wav,belt,high_energy,177.149547702636,2597.3520092580443,4705.848984375,-6.018903738768467
/content/FULL/male11/arpeggios/belt/m11_arpeggios_belt_u.wav,belt,high_energy,170.52330910879016,2882.0034890012676,5030.5696875,-11.37311202872998
/content/FULL/female9/scales/breathy/f9_scales_breathy_i.wav,breathy,low_energy,316.78008281095094,4386.694664532257,10023.766035754701,-12.970024271314152
/content/FULL/female9/scales/breathy/f9_scales_breathy_a.wav,breathy,low_energy,333.5612483768643,2730.362719369556,4501.144496610676,5.634789957729619
/content/FULL/female9/scales/breathy/f9_scales_breathy_u.wav,breathy,low_energy,339.4064392994061,2827.8885455187205,5138.360595703125,4.24047139040644
/content/FULL/female9/scales/breathy/f9_scales_breathy_e.wav,breathy,low_energy,321.66727256092133,4014.2058665484733,8923.811031550036,-0.469531352546075
/content/FULL/female9/scales/breathy/f9_scales_breathy_o.wav,breathy,low_energy,324.03611530148254,2900.5341410360616,4451.076788651316,1.8379162811428378
/content/FULL/female9/scales/belt/f9_scales_belt_o.wav,belt,high_energy,312.87133353633556,3317.723005810108,5616.199372944079,-1.3469166085257227
/content/FULL/female9/scales/belt/f9_scales_belt_a.wav,belt,high_energy,312.1985744658755,3043.299336261901,5192.421709480932,1.3271688665721044
/content/FULL/female9/scales/belt/f9_scales_belt_u.wav,belt,high_energy,313.4540455716453,3272.3989033840994,6962.35409007353,-7.859892562374531
/content/FULL/female9/scales/belt/f9_scales_belt_i.wav,belt,high_energy,318.9066617904431,4131.460136694089,7565.713825631649,-3.951829543389656
/content/FULL/female9/scales/belt/f9_scales_belt_e.wav,belt,high_energy,322.1340671557427,3633.4164522076603,5773.449409298781,-1.3857146923435968
/content/FULL/female9/arpeggios/breathy/f9_arpeggios_breathy_u.wav,breathy,low_energy,304.30877596211405,2525.078884510301,4831.86772493708,-6.845977622551236
/content/FULL/female9/arpeggios/breathy/f9_arpeggios_breathy_a.wav,breathy,low_energy,295.3575919144607,2837.782115857796,5772.688726905311,-15.650836139980408
/content/FULL/female9/arpeggios/breathy/f9_arpeggios_breathy_o.wav,breathy,low_energy,304.3894798018154,2381.147730410071,4401.551612647804,-7.598908883435779
/content/FULL/female9/arpeggios/breathy/f9_arpeggios_breathy_e.wav,breathy,low_energy,304.0365447357264,3490.784913718281,8144.981721861172,-5.189065036016834
/content/FULL/female9/arpeggios/breathy/f9_arpeggios_breathy_i.wav,breathy,low_energy,307.4342893855361,3687.2056531846792,8912.814230887581,-15.388112929941856
/content/FULL/female9/arpeggios/belt/f9_arpeggios_belt_e.wav,belt,high_energy,298.7149406450027,3393.6380596928147,6510.524088541667,-1.9790687045864852
/content/FULL/female9/arpeggios/belt/f9_arpeggios_belt_o.wav,belt,high_energy,301.07308433272016,2551.4242592969335,4892.839858111213,2.2960069313360076
/content/FULL/female9/arpeggios/belt/f9_arpeggios_belt_u.wav,belt,high_energy,305.0452367761509,3083.5176106508534,7303.602982513958,0.9708232879551623
/content/FULL/female9/arpeggios/belt/f9_arpeggios_belt_i.wav,belt,high_energy,299.86720311706705,4117.645211646823,8277.05135167202,-5.466757921138531
/content/FULL/female9/arpeggios/belt/f9_arpeggios_belt_a.wav,belt,high_energy,304.621906245529,2589.5481730930715,4426.179001266892,6.960010112940174
